{"RuleTriggered": 0, "Violations": 360, "Details": {"low_gpu_utilization": 789, "bottlenecks": {"1649671334.698502": {"GPUs": 1, "CPUs": 4}, "1649671335.194972": {"GPUs": 1, "CPUs": 4}, "1649671335.705187": {"GPUs": 1, "CPUs": 4}, "1649671337.229633": {"GPUs": 1, "CPUs": 4}, "1649671337.698807": {"GPUs": 1, "CPUs": 4}, "1649671338.199481": {"GPUs": 1, "CPUs": 4}, "1649671338.701586": {"GPUs": 1, "CPUs": 4}, "1649671339.196021": {"GPUs": 1, "CPUs": 4}, "1649671339.694968": {"GPUs": 1, "CPUs": 4}, "1649671340.194961": {"GPUs": 1, "CPUs": 4}, "1649671340.696342": {"GPUs": 1, "CPUs": 4}, "1649671341.195054": {"GPUs": 1, "CPUs": 2}, "1649671341.694747": {"GPUs": 1, "CPUs": 4}, "1649671342.19466": {"GPUs": 1, "CPUs": 4}, "1649671342.698131": {"GPUs": 1, "CPUs": 4}, "1649671343.202227": {"GPUs": 1, "CPUs": 3}, "1649671343.694685": {"GPUs": 1, "CPUs": 4}, "1649671344.194638": {"GPUs": 1, "CPUs": 4}, "1649671344.695711": {"GPUs": 1, "CPUs": 4}, "1649671345.194654": {"GPUs": 1, "CPUs": 4}, "1649671345.694783": {"GPUs": 1, "CPUs": 4}, "1649671346.19558": {"GPUs": 1, "CPUs": 4}, "1649671346.695093": {"GPUs": 1, "CPUs": 4}, "1649671347.198164": {"GPUs": 1, "CPUs": 4}, "1649671347.694623": {"GPUs": 1, "CPUs": 4}, "1649671348.198994": {"GPUs": 1, "CPUs": 4}, "1649671348.69637": {"GPUs": 1, "CPUs": 4}, "1649671349.197625": {"GPUs": 1, "CPUs": 4}, "1649671349.694668": {"GPUs": 1, "CPUs": 4}, "1649671350.20626": {"GPUs": 1, "CPUs": 4}, "1649671350.696703": {"GPUs": 1, "CPUs": 4}, "1649671351.751011": {"GPUs": 1, "CPUs": 4}, "1649671352.19949": {"GPUs": 1, "CPUs": 4}, "1649671354.694734": {"GPUs": 1, "CPUs": 2}, "1649671355.194855": {"GPUs": 1, "CPUs": 3}, "1649671355.69467": {"GPUs": 1, "CPUs": 4}, "1649671356.194635": {"GPUs": 1, "CPUs": 1}, "1649671357.194683": {"GPUs": 1, "CPUs": 1}, "1649671357.695343": {"GPUs": 1, "CPUs": 2}, "1649671358.194653": {"GPUs": 1, "CPUs": 2}, "1649671358.694641": {"GPUs": 1, "CPUs": 2}, "1649671361.695313": {"GPUs": 1, "CPUs": 1}, "1649671362.200202": {"GPUs": 1, "CPUs": 4}, "1649671362.694843": {"GPUs": 1, "CPUs": 3}, "1649671363.195472": {"GPUs": 1, "CPUs": 1}, "1649671363.704934": {"GPUs": 1, "CPUs": 3}, "1649671364.225868": {"GPUs": 1, "CPUs": 3}, "1649671364.694852": {"GPUs": 1, "CPUs": 1}, "1649671365.696551": {"GPUs": 1, "CPUs": 2}, "1649671366.197079": {"GPUs": 1, "CPUs": 4}, "1649671366.694982": {"GPUs": 1, "CPUs": 4}, "1649671367.19599": {"GPUs": 1, "CPUs": 1}, "1649671367.697077": {"GPUs": 1, "CPUs": 4}, "1649671368.197165": {"GPUs": 1, "CPUs": 4}, "1649671368.698974": {"GPUs": 1, "CPUs": 4}, "1649671369.194644": {"GPUs": 1, "CPUs": 1}, "1649671369.694646": {"GPUs": 1, "CPUs": 1}, "1649671371.694643": {"GPUs": 1, "CPUs": 1}, "1649671372.194697": {"GPUs": 1, "CPUs": 1}, "1649671372.694695": {"GPUs": 1, "CPUs": 1}, "1649671373.194638": {"GPUs": 1, "CPUs": 1}, "1649671373.694663": {"GPUs": 1, "CPUs": 1}, "1649671374.194642": {"GPUs": 1, "CPUs": 1}, "1649671376.19494": {"GPUs": 1, "CPUs": 1}, "1649671376.694651": {"GPUs": 1, "CPUs": 1}, "1649671377.194637": {"GPUs": 1, "CPUs": 4}, "1649671377.69574": {"GPUs": 1, "CPUs": 2}, "1649671378.208961": {"GPUs": 1, "CPUs": 2}, "1649671381.195256": {"GPUs": 1, "CPUs": 1}, "1649671381.694932": {"GPUs": 1, "CPUs": 2}, "1649671382.195019": {"GPUs": 1, "CPUs": 4}, "1649671382.695886": {"GPUs": 1, "CPUs": 1}, "1649671383.69542": {"GPUs": 1, "CPUs": 1}, "1649671384.194639": {"GPUs": 1, "CPUs": 1}, "1649671384.694653": {"GPUs": 1, "CPUs": 1}, "1649671385.194649": {"GPUs": 1, "CPUs": 2}, "1649671385.701301": {"GPUs": 1, "CPUs": 4}, "1649671386.704165": {"GPUs": 1, "CPUs": 4}, "1649671387.19467": {"GPUs": 1, "CPUs": 4}, "1649671387.69707": {"GPUs": 1, "CPUs": 3}, "1649671388.718617": {"GPUs": 1, "CPUs": 1}, "1649671390.194676": {"GPUs": 1, "CPUs": 1}, "1649671391.19829": {"GPUs": 1, "CPUs": 1}, "1649671391.694649": {"GPUs": 1, "CPUs": 2}, "1649671395.202139": {"GPUs": 1, "CPUs": 2}, "1649671396.194649": {"GPUs": 1, "CPUs": 1}, "1649671396.695081": {"GPUs": 1, "CPUs": 2}, "1649671397.194635": {"GPUs": 1, "CPUs": 1}, "1649671398.694641": {"GPUs": 1, "CPUs": 2}, "1649671399.194642": {"GPUs": 1, "CPUs": 1}, "1649671399.694675": {"GPUs": 1, "CPUs": 1}, "1649671400.194648": {"GPUs": 1, "CPUs": 1}, "1649671400.694658": {"GPUs": 1, "CPUs": 2}, "1649671401.194693": {"GPUs": 1, "CPUs": 2}, "1649671401.694646": {"GPUs": 1, "CPUs": 2}, "1649671402.694657": {"GPUs": 1, "CPUs": 1}, "1649671409.695424": {"GPUs": 1, "CPUs": 1}, "1649671417.194646": {"GPUs": 1, "CPUs": 1}, "1649671417.694638": {"GPUs": 1, "CPUs": 1}, "1649671418.194632": {"GPUs": 1, "CPUs": 1}, "1649671418.694735": {"GPUs": 1, "CPUs": 1}, "1649671419.194748": {"GPUs": 1, "CPUs": 1}, "1649671420.194675": {"GPUs": 1, "CPUs": 3}, "1649671421.19467": {"GPUs": 1, "CPUs": 1}, "1649671421.719424": {"GPUs": 1, "CPUs": 1}, "1649671423.194639": {"GPUs": 1, "CPUs": 1}, "1649671423.694645": {"GPUs": 1, "CPUs": 1}, "1649671424.194726": {"GPUs": 1, "CPUs": 1}, "1649671424.694707": {"GPUs": 1, "CPUs": 1}, "1649671425.194652": {"GPUs": 1, "CPUs": 1}, "1649671425.69468": {"GPUs": 1, "CPUs": 2}, "1649671426.194645": {"GPUs": 1, "CPUs": 2}, "1649671426.694647": {"GPUs": 1, "CPUs": 2}, "1649671427.194659": {"GPUs": 1, "CPUs": 2}, "1649671427.694659": {"GPUs": 1, "CPUs": 2}, "1649671428.194668": {"GPUs": 1, "CPUs": 2}, "1649671435.194653": {"GPUs": 1, "CPUs": 1}, "1649671435.694659": {"GPUs": 1, "CPUs": 1}, "1649671436.194642": {"GPUs": 1, "CPUs": 1}, "1649671436.69482": {"GPUs": 1, "CPUs": 1}, "1649671437.194639": {"GPUs": 1, "CPUs": 1}, "1649671441.694664": {"GPUs": 1, "CPUs": 1}, "1649671442.194647": {"GPUs": 1, "CPUs": 1}, "1649671442.694689": {"GPUs": 1, "CPUs": 2}, "1649671443.194638": {"GPUs": 1, "CPUs": 3}, "1649671443.694672": {"GPUs": 1, "CPUs": 2}, "1649671444.19498": {"GPUs": 1, "CPUs": 1}, "1649671449.195112": {"GPUs": 1, "CPUs": 2}, "1649671450.694647": {"GPUs": 1, "CPUs": 1}, "1649671460.194648": {"GPUs": 1, "CPUs": 2}, "1649671460.694652": {"GPUs": 1, "CPUs": 2}, "1649671461.194642": {"GPUs": 1, "CPUs": 2}, "1649671461.694644": {"GPUs": 1, "CPUs": 2}, "1649671462.194649": {"GPUs": 1, "CPUs": 2}, "1649671462.69469": {"GPUs": 1, "CPUs": 2}, "1649671463.194635": {"GPUs": 1, "CPUs": 2}, "1649671463.694651": {"GPUs": 1, "CPUs": 2}, "1649671464.19471": {"GPUs": 1, "CPUs": 2}, "1649671464.694672": {"GPUs": 1, "CPUs": 2}, "1649671465.195136": {"GPUs": 1, "CPUs": 2}, "1649671465.694614": {"GPUs": 1, "CPUs": 1}, "1649671466.194647": {"GPUs": 1, "CPUs": 1}, "1649671466.694651": {"GPUs": 1, "CPUs": 1}, "1649671479.195418": {"GPUs": 1, "CPUs": 1}, "1649671480.19467": {"GPUs": 1, "CPUs": 1}, "1649671480.694663": {"GPUs": 1, "CPUs": 1}, "1649671484.194628": {"GPUs": 1, "CPUs": 1}, "1649671484.696415": {"GPUs": 1, "CPUs": 1}, "1649671487.694676": {"GPUs": 1, "CPUs": 1}, "1649671488.195474": {"GPUs": 1, "CPUs": 1}, "1649671491.195215": {"GPUs": 1, "CPUs": 1}, "1649671498.69466": {"GPUs": 1, "CPUs": 1}, "1649671500.194637": {"GPUs": 1, "CPUs": 1}, "1649671502.196414": {"GPUs": 1, "CPUs": 3}, "1649671502.694668": {"GPUs": 1, "CPUs": 2}, "1649671503.195966": {"GPUs": 1, "CPUs": 2}, "1649671503.73265": {"GPUs": 1, "CPUs": 4}, "1649671504.223186": {"GPUs": 1, "CPUs": 3}, "1649671504.69468": {"GPUs": 1, "CPUs": 4}, "1649671505.197283": {"GPUs": 1, "CPUs": 2}, "1649671506.694654": {"GPUs": 1, "CPUs": 3}, "1649671507.210283": {"GPUs": 1, "CPUs": 2}, "1649671507.694657": {"GPUs": 1, "CPUs": 2}, "1649671508.194697": {"GPUs": 1, "CPUs": 1}, "1649671508.698358": {"GPUs": 1, "CPUs": 1}, "1649671511.694642": {"GPUs": 1, "CPUs": 1}, "1649671513.194649": {"GPUs": 1, "CPUs": 1}, "1649671516.200109": {"GPUs": 1, "CPUs": 1}, "1649671516.694666": {"GPUs": 1, "CPUs": 1}, "1649671517.194671": {"GPUs": 1, "CPUs": 1}, "1649671520.694679": {"GPUs": 1, "CPUs": 1}, "1649671524.694657": {"GPUs": 1, "CPUs": 1}, "1649671528.694659": {"GPUs": 1, "CPUs": 1}, "1649671537.194702": {"GPUs": 1, "CPUs": 1}, "1649671540.6947": {"GPUs": 1, "CPUs": 1}, "1649671541.194645": {"GPUs": 1, "CPUs": 1},