{"RuleTriggered": 0, "Violations": 433, "Details": {"low_gpu_utilization": 823, "bottlenecks": {"1649435278.482188": {"GPUs": 1, "CPUs": 4}, "1649435278.977572": {"GPUs": 1, "CPUs": 4}, "1649435279.479476": {"GPUs": 1, "CPUs": 4}, "1649435279.994265": {"GPUs": 1, "CPUs": 4}, "1649435280.486396": {"GPUs": 1, "CPUs": 4}, "1649435280.978289": {"GPUs": 1, "CPUs": 4}, "1649435281.503341": {"GPUs": 1, "CPUs": 4}, "1649435281.99236": {"GPUs": 1, "CPUs": 4}, "1649435282.513986": {"GPUs": 1, "CPUs": 4}, "1649435282.980738": {"GPUs": 1, "CPUs": 4}, "1649435283.478086": {"GPUs": 1, "CPUs": 4}, "1649435283.978321": {"GPUs": 1, "CPUs": 4}, "1649435284.480246": {"GPUs": 1, "CPUs": 4}, "1649435284.998436": {"GPUs": 1, "CPUs": 4}, "1649435285.481763": {"GPUs": 1, "CPUs": 4}, "1649435286.477548": {"GPUs": 1, "CPUs": 4}, "1649435286.977551": {"GPUs": 1, "CPUs": 4}, "1649435287.482282": {"GPUs": 1, "CPUs": 4}, "1649435287.982091": {"GPUs": 1, "CPUs": 4}, "1649435288.477544": {"GPUs": 1, "CPUs": 4}, "1649435288.977537": {"GPUs": 1, "CPUs": 4}, "1649435289.482631": {"GPUs": 1, "CPUs": 4}, "1649435289.977562": {"GPUs": 1, "CPUs": 4}, "1649435290.477543": {"GPUs": 1, "CPUs": 4}, "1649435290.977547": {"GPUs": 1, "CPUs": 2}, "1649435291.977535": {"GPUs": 1, "CPUs": 2}, "1649435292.978439": {"GPUs": 1, "CPUs": 4}, "1649435293.477542": {"GPUs": 1, "CPUs": 2}, "1649435294.98113": {"GPUs": 1, "CPUs": 4}, "1649435295.491321": {"GPUs": 1, "CPUs": 4}, "1649435295.97834": {"GPUs": 1, "CPUs": 4}, "1649435296.47788": {"GPUs": 1, "CPUs": 1}, "1649435296.977545": {"GPUs": 1, "CPUs": 3}, "1649435297.478197": {"GPUs": 1, "CPUs": 1}, "1649435297.977588": {"GPUs": 1, "CPUs": 4}, "1649435298.477549": {"GPUs": 1, "CPUs": 3}, "1649435298.977564": {"GPUs": 1, "CPUs": 3}, "1649435299.486148": {"GPUs": 1, "CPUs": 2}, "1649435299.985507": {"GPUs": 1, "CPUs": 4}, "1649435300.487514": {"GPUs": 1, "CPUs": 4}, "1649435300.977726": {"GPUs": 1, "CPUs": 1}, "1649435301.477642": {"GPUs": 1, "CPUs": 1}, "1649435301.977535": {"GPUs": 1, "CPUs": 2}, "1649435302.479806": {"GPUs": 1, "CPUs": 2}, "1649435302.978681": {"GPUs": 1, "CPUs": 2}, "1649435303.478721": {"GPUs": 1, "CPUs": 3}, "1649435308.479823": {"GPUs": 1, "CPUs": 2}, "1649435308.977543": {"GPUs": 1, "CPUs": 2}, "1649435309.477538": {"GPUs": 1, "CPUs": 2}, "1649435309.977542": {"GPUs": 1, "CPUs": 2}, "1649435310.477557": {"GPUs": 1, "CPUs": 2}, "1649435310.979021": {"GPUs": 1, "CPUs": 2}, "1649435311.477537": {"GPUs": 1, "CPUs": 2}, "1649435311.97755": {"GPUs": 1, "CPUs": 2}, "1649435312.477549": {"GPUs": 1, "CPUs": 2}, "1649435312.977545": {"GPUs": 1, "CPUs": 2}, "1649435313.477583": {"GPUs": 1, "CPUs": 1}, "1649435313.977531": {"GPUs": 1, "CPUs": 2}, "1649435314.478083": {"GPUs": 1, "CPUs": 2}, "1649435314.977551": {"GPUs": 1, "CPUs": 2}, "1649435315.477646": {"GPUs": 1, "CPUs": 1}, "1649435318.478197": {"GPUs": 1, "CPUs": 1}, "1649435318.99707": {"GPUs": 1, "CPUs": 1}, "1649435321.977742": {"GPUs": 1, "CPUs": 3}, "1649435322.477593": {"GPUs": 1, "CPUs": 3}, "1649435322.977594": {"GPUs": 1, "CPUs": 3}, "1649435323.477875": {"GPUs": 1, "CPUs": 3}, "1649435325.478369": {"GPUs": 1, "CPUs": 1}, "1649435325.97756": {"GPUs": 1, "CPUs": 1}, "1649435326.477544": {"GPUs": 1, "CPUs": 3}, "1649435326.977534": {"GPUs": 1, "CPUs": 2}, "1649435328.479773": {"GPUs": 1, "CPUs": 3}, "1649435330.977938": {"GPUs": 1, "CPUs": 1}, "1649435331.477516": {"GPUs": 1, "CPUs": 1}, "1649435332.978822": {"GPUs": 1, "CPUs": 3}, "1649435333.477801": {"GPUs": 1, "CPUs": 1}, "1649435334.987676": {"GPUs": 1, "CPUs": 2}, "1649435335.478297": {"GPUs": 1, "CPUs": 3}, "1649435335.984331": {"GPUs": 1, "CPUs": 1}, "1649435336.477561": {"GPUs": 1, "CPUs": 2}, "1649435337.977542": {"GPUs": 1, "CPUs": 1}, "1649435338.477682": {"GPUs": 1, "CPUs": 1}, "1649435338.97833": {"GPUs": 1, "CPUs": 1}, "1649435339.477532": {"GPUs": 1, "CPUs": 1}, "1649435339.996378": {"GPUs": 1, "CPUs": 1}, "1649435340.478032": {"GPUs": 1, "CPUs": 2}, "1649435340.977544": {"GPUs": 1, "CPUs": 2}, "1649435341.477551": {"GPUs": 1, "CPUs": 2}, "1649435341.977543": {"GPUs": 1, "CPUs": 4}, "1649435342.477543": {"GPUs": 1, "CPUs": 3}, "1649435342.977542": {"GPUs": 1, "CPUs": 3}, "1649435343.477549": {"GPUs": 1, "CPUs": 3}, "1649435343.978356": {"GPUs": 1, "CPUs": 3}, "1649435344.477576": {"GPUs": 1, "CPUs": 2}, "1649435348.47811": {"GPUs": 1, "CPUs": 2}, "1649435348.977774": {"GPUs": 1, "CPUs": 1}, "1649435349.477579": {"GPUs": 1, "CPUs": 2}, "1649435358.977558": {"GPUs": 1, "CPUs": 1}, "1649435359.477566": {"GPUs": 1, "CPUs": 1}, "1649435359.977571": {"GPUs": 1, "CPUs": 1}, "1649435360.477536": {"GPUs": 1, "CPUs": 1}, "1649435360.97758": {"GPUs": 1, "CPUs": 1}, "1649435362.977537": {"GPUs": 1, "CPUs": 1}, "1649435364.978274": {"GPUs": 1, "CPUs": 1}, "1649435365.478075": {"GPUs": 1, "CPUs": 2}, "1649435365.977537": {"GPUs": 1, "CPUs": 2}, "1649435366.477566": {"GPUs": 1, "CPUs": 2}, "1649435366.977543": {"GPUs": 1, "CPUs": 1}, "1649435367.477544": {"GPUs": 1, "CPUs": 1}, "1649435367.978403": {"GPUs": 1, "CPUs": 2}, "1649435368.477557": {"GPUs": 1, "CPUs": 1}, "1649435368.977561": {"GPUs": 1, "CPUs": 2}, "1649435369.478313": {"GPUs": 1, "CPUs": 1}, "1649435369.977541": {"GPUs": 1, "CPUs": 1}, "1649435377.97756": {"GPUs": 1, "CPUs": 1}, "1649435378.477546": {"GPUs": 1, "CPUs": 1}, "1649435378.977574": {"GPUs": 1, "CPUs": 1}, "1649435379.477543": {"GPUs": 1, "CPUs": 1}, "1649435379.977554": {"GPUs": 1, "CPUs": 1}, "1649435384.477535": {"GPUs": 1, "CPUs": 1}, "1649435384.977559": {"GPUs": 1, "CPUs": 1}, "1649435385.477552": {"GPUs": 1, "CPUs": 1}, "1649435385.977552": {"GPUs": 1, "CPUs": 1}, "1649435393.478658": {"GPUs": 1, "CPUs": 1}, "1649435401.977554": {"GPUs": 1, "CPUs": 1}, "1649435402.477535": {"GPUs": 1, "CPUs": 2}, "1649435402.977552": {"GPUs": 1, "CPUs": 2}, "1649435403.47753": {"GPUs": 1, "CPUs": 2}, "1649435403.977534": {"GPUs": 1, "CPUs": 2}, "1649435404.477538": {"GPUs": 1, "CPUs": 2}, "1649435404.977548": {"GPUs": 1, "CPUs": 2}, "1649435405.477539": {"GPUs": 1, "CPUs": 2}, "1649435405.977549": {"GPUs": 1, "CPUs": 2}, "1649435406.477547": {"GPUs": 1, "CPUs": 2}, "1649435406.977558": {"GPUs": 1, "CPUs": 2}, "1649435407.477561": {"GPUs": 1, "CPUs": 2}, "1649435407.97756": {"GPUs": 1, "CPUs": 2}, "1649435408.477531": {"GPUs": 1, "CPUs": 2}, "1649435408.977571": {"GPUs": 1, "CPUs": 2}, "1649435409.477561": {"GPUs": 1, "CPUs": 2}, "1649435420.477589": {"GPUs": 1, "CPUs": 1}, "1649435431.477524": {"GPUs": 1, "CPUs": 1}, "1649435432.477586": {"GPUs": 1, "CPUs": 1}, "1649435432.978104": {"GPUs": 1, "CPUs": 1}, "1649435434.4784": {"GPUs": 1, "CPUs": 1}, "1649435434.977545": {"GPUs": 1, "CPUs": 1}, "1649435435.478176": {"GPUs": 1, "CPUs": 1}, "1649435436.977533": {"GPUs": 1, "CPUs": 1}, "1649435437.97834": {"GPUs": 1, "CPUs": 1}, "1649435438.477598": {"GPUs": 1, "CPUs": 1}, "1649435439.977527": {"GPUs": 1, "CPUs": 1}, "1649435442.477558": {"GPUs": 1, "CPUs": 2}, "1649435443.477543": {"GPUs": 1, "CPUs": 1}, "1649435444.47755": {"GPUs": 1, "CPUs": 1}, "1649435445.477553": {"GPUs": 1, "CPUs": 1}, "1649435445.978916": {"GPUs": 1, "CPUs": 2}, "1649435446.477525": {"GPUs": 1, "CPUs": 1}, "1649435446.999636": {"GPUs": 1, "CPUs": 1}, "1649435447.47753": {"GPUs": 1, "CPUs": 1}, "1649435447.979703": {"GPUs": 1, "CPUs": 1}, "1649435449.97757": {"GPUs": 1, "CPUs": 1}, "1649435451.477538": {"GPUs": 1, "CPUs": 1}, "1649435453.978845": {"GPUs": 1, "CPUs": 1}, "1649435456.479698": {"GPUs": 1, "CPUs": 2}, "1649435456.97756": {"GPUs": 1, "CPUs": 1}, "1649435457.981628": {"GPUs": 1, "CPUs": 3}, "1649435458.479554": {"GPUs": 1, "CPUs": 3}, "1649435458.977559": {"GPUs": 1, "CPUs": 3}, "1649435459.478987": {"GPUs": 1, "CPUs": 2}, "1649435460.979583": {"GPUs": 1, "CPUs": 1}, "1649435461.477557": {"GPUs": 1, "CPUs": 4}, "1649435461.982658": {"GPUs": 1, "CPUs": 1}, "1649435462.479691": {"GPUs": 1, "CPUs": 3}, "1649435462.978348": {"GPUs": 1, "CPUs": 2}, "1649435463.489023": {"GPUs": 1, "CPUs": 1}, "1649435463.979658": {"GPUs": 1, "CPUs": 2},