{"RuleTriggered": 0, "Violations": 55, "Details": {"low_gpu_utilization": 789, "bottlenecks": {"1649671369.694646": {"GPUs": 1, "CPUs": 1}, "1649671372.194697": {"GPUs": 1, "CPUs": 1}, "1649671372.694695": {"GPUs": 1, "CPUs": 1}, "1649671373.194638": {"GPUs": 1, "CPUs": 1}, "1649671373.694663": {"GPUs": 1, "CPUs": 1}, "1649671383.69542": {"GPUs": 1, "CPUs": 1}, "1649671385.194649": {"GPUs": 1, "CPUs": 1}, "1649671398.694641": {"GPUs": 1, "CPUs": 2}, "1649671399.194642": {"GPUs": 1, "CPUs": 1}, "1649671399.694675": {"GPUs": 1, "CPUs": 2}, "1649671400.194648": {"GPUs": 1, "CPUs": 1}, "1649671400.694658": {"GPUs": 1, "CPUs": 1}, "1649671401.194693": {"GPUs": 1, "CPUs": 2}, "1649671401.694646": {"GPUs": 1, "CPUs": 2}, "1649671402.194649": {"GPUs": 1, "CPUs": 1}, "1649671417.694638": {"GPUs": 1, "CPUs": 1}, "1649671418.194632": {"GPUs": 1, "CPUs": 1}, "1649671418.694735": {"GPUs": 1, "CPUs": 1}, "1649671419.194748": {"GPUs": 1, "CPUs": 1}, "1649671423.194639": {"GPUs": 1, "CPUs": 1}, "1649671423.694645": {"GPUs": 1, "CPUs": 1}, "1649671424.194726": {"GPUs": 1, "CPUs": 1}, "1649671424.694707": {"GPUs": 1, "CPUs": 1}, "1649671425.69468": {"GPUs": 1, "CPUs": 1}, "1649671426.194645": {"GPUs": 1, "CPUs": 1}, "1649671426.694647": {"GPUs": 1, "CPUs": 3}, "1649671427.194659": {"GPUs": 1, "CPUs": 2}, "1649671427.694659": {"GPUs": 1, "CPUs": 3}, "1649671428.194668": {"GPUs": 1, "CPUs": 2}, "1649671428.694663": {"GPUs": 1, "CPUs": 1}, "1649671435.694659": {"GPUs": 1, "CPUs": 1}, "1649671436.194642": {"GPUs": 1, "CPUs": 1}, "1649671436.69482": {"GPUs": 1, "CPUs": 1}, "1649671437.194639": {"GPUs": 1, "CPUs": 1}, "1649671441.694664": {"GPUs": 1, "CPUs": 1}, "1649671442.194647": {"GPUs": 1, "CPUs": 1}, "1649671442.694689": {"GPUs": 1, "CPUs": 2}, "1649671443.194638": {"GPUs": 1, "CPUs": 3}, "1649671443.694672": {"GPUs": 1, "CPUs": 2}, "1649671450.694647": {"GPUs": 1, "CPUs": 1}, "1649671460.194648": {"GPUs": 1, "CPUs": 2}, "1649671460.694652": {"GPUs": 1, "CPUs": 2}, "1649671461.194642": {"GPUs": 1, "CPUs": 2}, "1649671461.694644": {"GPUs": 1, "CPUs": 2}, "1649671462.194649": {"GPUs": 1, "CPUs": 2}, "1649671462.69469": {"GPUs": 1, "CPUs": 2}, "1649671463.194635": {"GPUs": 1, "CPUs": 2}, "1649671463.694651": {"GPUs": 1, "CPUs": 2}, "1649671464.19471": {"GPUs": 1, "CPUs": 2}, "1649671464.694672": {"GPUs": 1, "CPUs": 2}, "1649671465.195136": {"GPUs": 1, "CPUs": 2}, "1649671465.694614": {"GPUs": 1, "CPUs": 1}, "1649671466.194647": {"GPUs": 1, "CPUs": 1}, "1649671466.694651": {"GPUs": 1, "CPUs": 1}, "1649671467.194669": {"GPUs": 1, "CPUs": 1}}}, "Datapoints": 966, "RuleParameters": "threshold:50\nio_threshold:50\ngpu_threshold:10\npatience:1000"}