{"RuleTriggered": 0, "Violations": 63, "Details": {"low_gpu_utilization": 823, "bottlenecks": {"1649435298.477549": {"GPUs": 1, "CPUs": 2}, "1649435298.977564": {"GPUs": 1, "CPUs": 2}, "1649435299.486148": {"GPUs": 1, "CPUs": 1}, "1649435309.477538": {"GPUs": 1, "CPUs": 2}, "1649435309.977542": {"GPUs": 1, "CPUs": 2}, "1649435310.477557": {"GPUs": 1, "CPUs": 1}, "1649435310.979021": {"GPUs": 1, "CPUs": 1}, "1649435311.477537": {"GPUs": 1, "CPUs": 1}, "1649435311.97755": {"GPUs": 1, "CPUs": 1}, "1649435312.477549": {"GPUs": 1, "CPUs": 2}, "1649435312.977545": {"GPUs": 1, "CPUs": 2}, "1649435313.477583": {"GPUs": 1, "CPUs": 1}, "1649435313.977531": {"GPUs": 1, "CPUs": 1}, "1649435314.478083": {"GPUs": 1, "CPUs": 2}, "1649435314.977551": {"GPUs": 1, "CPUs": 1}, "1649435325.478369": {"GPUs": 1, "CPUs": 1}, "1649435338.97833": {"GPUs": 1, "CPUs": 1}, "1649435339.477532": {"GPUs": 1, "CPUs": 1}, "1649435340.977544": {"GPUs": 1, "CPUs": 2}, "1649435341.477551": {"GPUs": 1, "CPUs": 2}, "1649435341.977543": {"GPUs": 1, "CPUs": 4}, "1649435342.477543": {"GPUs": 1, "CPUs": 3}, "1649435342.977542": {"GPUs": 1, "CPUs": 2}, "1649435343.477549": {"GPUs": 1, "CPUs": 2}, "1649435343.978356": {"GPUs": 1, "CPUs": 2}, "1649435359.477566": {"GPUs": 1, "CPUs": 1}, "1649435360.477536": {"GPUs": 1, "CPUs": 1}, "1649435364.978274": {"GPUs": 1, "CPUs": 1}, "1649435365.478075": {"GPUs": 1, "CPUs": 2}, "1649435365.977537": {"GPUs": 1, "CPUs": 2}, "1649435366.477566": {"GPUs": 1, "CPUs": 1}, "1649435366.977543": {"GPUs": 1, "CPUs": 1}, "1649435367.477544": {"GPUs": 1, "CPUs": 1}, "1649435367.978403": {"GPUs": 1, "CPUs": 2}, "1649435368.477557": {"GPUs": 1, "CPUs": 2}, "1649435368.977561": {"GPUs": 1, "CPUs": 2}, "1649435369.478313": {"GPUs": 1, "CPUs": 1}, "1649435369.977541": {"GPUs": 1, "CPUs": 1}, "1649435377.97756": {"GPUs": 1, "CPUs": 1}, "1649435378.477546": {"GPUs": 1, "CPUs": 1}, "1649435378.977574": {"GPUs": 1, "CPUs": 1}, "1649435379.477543": {"GPUs": 1, "CPUs": 1}, "1649435384.477535": {"GPUs": 1, "CPUs": 1}, "1649435384.977559": {"GPUs": 1, "CPUs": 1}, "1649435385.477552": {"GPUs": 1, "CPUs": 1}, "1649435385.977552": {"GPUs": 1, "CPUs": 1}, "1649435401.977554": {"GPUs": 1, "CPUs": 2}, "1649435402.477535": {"GPUs": 1, "CPUs": 2}, "1649435402.977552": {"GPUs": 1, "CPUs": 2}, "1649435403.47753": {"GPUs": 1, "CPUs": 2}, "1649435403.977534": {"GPUs": 1, "CPUs": 2}, "1649435404.477538": {"GPUs": 1, "CPUs": 2}, "1649435404.977548": {"GPUs": 1, "CPUs": 2}, "1649435405.477539": {"GPUs": 1, "CPUs": 2}, "1649435405.977549": {"GPUs": 1, "CPUs": 2}, "1649435406.477547": {"GPUs": 1, "CPUs": 2}, "1649435406.977558": {"GPUs": 1, "CPUs": 2}, "1649435407.477561": {"GPUs": 1, "CPUs": 2}, "1649435407.97756": {"GPUs": 1, "CPUs": 2}, "1649435408.477531": {"GPUs": 1, "CPUs": 2}, "1649435408.977571": {"GPUs": 1, "CPUs": 2}, "1649435409.477561": {"GPUs": 1, "CPUs": 2}, "1649435419.977577": {"GPUs": 1, "CPUs": 1}}}, "Datapoints": 992, "RuleParameters": "threshold:50\nio_threshold:50\ngpu_threshold:10\npatience:1000"}