{"RuleTriggered": 0, "Violations": 0, "Details": {"step_num": {"first": 1649671484940384, "last": 1649671787712913}, "job_start": 1649671334.195667, "job_end": 1649671799.695245}, "Datapoints": 239, "RuleParameters": "threshold:20"}