{"RuleTriggered": 0, "Violations": 0, "Details": {"step_num": {"first": 1649435428272851, "last": 1649435759539317}, "job_start": 1649435277.984001, "job_end": 1649435759.978367}, "Datapoints": 115, "RuleParameters": "threshold:20"}