{"RuleTriggered": 0, "Violations": 0, "Details": {"ratio": {"gpu_functions-dev:0": 53.38066247934107, "cpu_functions": 46.61933752065894}, "phase": {"Step:ModeKeys.TRAIN": 35.406965442249934, "others": 54.039053765964375, "Step:ModeKeys.EVAL": 10.553980791785692}, "phase_time": {}, "CPU": {"conv2d": 13.893508783893013, "convolution": 13.462173915430888, "_convolution": 13.212962454172692, "contiguous": 2.6515417186871373, "cudnn_convolution": 10.334952307586443, "batch_norm": 2.894911647404473, "to": 20.99348268003126, "copy_": 22.5564664927941}, "CPU_total": {"conv2d": 3567602, "convolution": 3456843, "_convolution": 3392850, "contiguous": 680868, "cudnn_convolution": 2653829, "batch_norm": 743361, "to": 5390747, "copy_": 5792093}, "GPU": {"conv2d": 14.082546486191095, "convolution": 14.063240368079633, "_convolution": 14.056472698523518, "cudnn_convolution": 13.99850828323931, "batch_norm": 2.6791154060387883, "_batch_norm_impl_index": 2.6729563990339047, "cudnn_batch_norm": 2.6317022383318576, "to": 17.242120369764148, "copy_": 18.573337750797762}, "GPU_total": {"conv2d": 4280321, "convolution": 4274453, "_convolution": 4272396, "cudnn_convolution": 4254778, "batch_norm": 814304, "_batch_norm_impl_index": 812432, "cudnn_batch_norm": 799893, "to": 5240658, "copy_": 5645275}, "general": {"Forward": 100.0}}, "Datapoints": 0, "RuleParameters": ""}