{"RuleTriggered": 0, "Violations": 0, "Details": {"ratio": {"gpu_functions-dev:0": 53.30218570554423, "cpu_functions": 46.69781429445577}, "phase": {"Step:ModeKeys.TRAIN": 27.791875768994416, "others": 66.07020256628755, "Step:ModeKeys.EVAL": 6.137921664718025}, "phase_time": {}, "CPU": {"conv2d": 17.656420498958543, "convolution": 17.394361864072234, "_convolution": 17.223275529499602, "cudnn_convolution": 15.361956554704634, "to": 14.022171331207197, "copy_": 14.925641470788337, "addmm": 3.416172750769471}, "CPU_total": {"conv2d": 2829381, "convolution": 2787387, "_convolution": 2759971, "cudnn_convolution": 2461701, "to": 2247005, "copy_": 2391783, "addmm": 547430}, "GPU": {"conv2d": 18.044680340303792, "convolution": 18.030122918644803, "_convolution": 18.018821255815475, "cudnn_convolution": 17.924041276642434, "to": 12.090914865481341, "copy_": 12.898904013685186, "addmm": 2.992515329426973}, "GPU_total": {"conv2d": 3281094, "convolution": 3278447, "_convolution": 3276392, "cudnn_convolution": 3259158, "to": 2198511, "copy_": 2345429, "addmm": 544134}, "general": {"Forward": 100.0}}, "Datapoints": 0, "RuleParameters": ""}