{"RuleTriggered": 0, "Violations": 0, "Details": {"step_details": {"algo-1-27": {"step_stats": {"mean": 0.6912331214953271, "max": 25.454426, "p99": 4.66136856, "p95": 4.4207921, "p50": 0.02475, "min": 0.017695}, "number_of_outliers": 1, "phase": "Step:ModeKeys.TRAIN", "stddev": 2.73, "probs": [95, 0, 0, 0, 0, 0, 0, 0, 0, 0, 0, 0, 0, 0, 0, 0, 0, 0, 0, 0, 0, 0, 0, 0, 0, 0, 0, 0, 0, 0, 0, 0, 0, 0, 0, 0, 0, 0, 0, 0, 0, 0, 0, 0, 1, 0, 0, 0, 0, 0, 0, 0, 0, 0, 0, 0, 0, 0, 0, 0, 0, 0, 0, 0, 0, 0, 0, 0, 0, 0, 0, 0, 0, 0, 0, 0, 0, 0, 0, 0, 0, 0, 0, 0, 0, 0, 1, 0, 0, 0, 0, 0, 3, 0, 2, 0, 2, 1, 0, 1], "binedges": [0.017695, 0.06421425, 0.11073350000000001, 0.15725275, 0.203772, 0.25029125, 0.29681050000000003, 0.34332975000000004, 0.38984900000000006, 0.43636825000000007, 0.4828875000000001, 0.52940675, 0.575926, 0.6224452500000001, 0.6689645000000001, 0.7154837500000001, 0.7620030000000001, 0.8085222500000001, 0.8550415000000001, 0.9015607500000001, 0.9480800000000001, 0.9945992500000002, 1.0411185, 1.08763775, 1.134157, 1.18067625, 1.2271955, 1.2737147500000001, 1.3202340000000001, 1.3667532500000001, 1.4132725000000002, 1.4597917500000002, 1.5063110000000002, 1.5528302500000002, 1.5993495000000002, 1.6458687500000002, 1.6923880000000002, 1.7389072500000002, 1.7854265000000002, 1.8319457500000003, 1.8784650000000003, 1.9249842500000003, 1.9715035000000003, 2.01802275, 2.064542, 2.11106125, 2.1575805, 2.20409975, 2.250619, 2.29713825, 2.3436575, 2.39017675, 2.436696, 2.48321525, 2.5297345, 2.5762537500000002, 2.622773, 2.6692922500000003, 2.7158115, 2.7623307500000003, 2.80885, 2.8553692500000003, 2.9018885, 2.9484077500000003, 2.994927, 3.04144625, 3.0879655, 3.13448475, 3.181004, 3.22752325, 3.2740425, 3.32056175, 3.367081, 3.41360025, 3.4601195000000002, 3.50663875, 3.5531580000000003, 3.59967725, 3.6461965000000003, 3.69271575, 3.7392350000000003, 3.78575425, 3.8322735000000003, 3.87879275, 3.9253120000000004, 3.97183125, 4.0183505, 4.064869750000001, 4.111389, 4.15790825, 4.2044275, 4.250946750000001, 4.297466, 4.34398525, 4.3905045000000005, 4.437023750000001, 4.483543, 4.53006225, 4.5765815000000005, 4.62310075, 4.66962], "step_numbers": ["0"]}}}, "Datapoints": 115, "RuleParameters": "threshold:3\nmode:None\nn_outliers:10\nstddev:3"}