{"RuleTriggered": 0, "Violations": 0, "Details": {"step_details": {"algo-1-28": {"step_stats": {"mean": 0.2345656113744076, "max": 13.214553, "p99": 3.0917487, "p95": 2.121522, "p50": 0.023204, "min": 0.01815}, "number_of_outliers": 1, "phase": "Step:ModeKeys.TRAIN", "stddev": 1.1, "probs": [199, 0, 0, 0, 0, 0, 0, 0, 0, 0, 0, 0, 0, 0, 0, 0, 0, 0, 0, 0, 0, 0, 0, 0, 0, 0, 0, 0, 0, 0, 0, 0, 0, 0, 0, 0, 0, 0, 0, 0, 0, 0, 0, 0, 0, 1, 0, 0, 0, 0, 0, 0, 0, 0, 0, 0, 0, 0, 0, 0, 0, 0, 0, 0, 0, 0, 0, 0, 0, 0, 0, 0, 0, 0, 0, 0, 0, 0, 0, 0, 0, 0, 0, 0, 0, 0, 0, 0, 0, 1, 0, 0, 0, 0, 2, 3, 0, 2, 1, 1], "binedges": [0.01815, 0.04937029, 0.08059058, 0.11181086999999999, 0.14303116, 0.17425144999999997, 0.20547173999999999, 0.23669203, 0.26791232, 0.29913260999999997, 0.33035289999999995, 0.36157319, 0.39279348, 0.42401376999999996, 0.45523406, 0.48645435, 0.51767464, 0.54889493, 0.5801152199999999, 0.61133551, 0.6425557999999999, 0.6737760899999999, 0.70499638, 0.7362166699999999, 0.76743696, 0.79865725, 0.8298775399999999, 0.86109783, 0.89231812, 0.9235384099999999, 0.9547587, 0.9859789899999999, 1.0171992799999998, 1.04841957, 1.07963986, 1.1108601499999997, 1.14208044, 1.1733007299999998, 1.20452102, 1.2357413099999999, 1.2669615999999997, 1.29818189, 1.3294021799999998, 1.36062247, 1.3918427599999998, 1.42306305, 1.45428334, 1.4855036299999997, 1.51672392, 1.5479442099999998, 1.5791645, 1.61038479, 1.6416050799999997, 1.67282537, 1.7040456599999998, 1.73526595, 1.7664862399999999, 1.7977065299999997, 1.82892682, 1.8601471099999998, 1.8913674, 1.9225876899999998, 1.9538079799999997, 1.98502827, 2.0162485599999997, 2.0474688499999996, 2.07868914, 2.1099094299999996, 2.14112972, 2.1723500099999997, 2.2035702999999995, 2.23479059, 2.2660108799999996, 2.29723117, 2.3284514599999997, 2.3596717499999995, 2.3908920399999998, 2.4221123299999996, 2.45333262, 2.4845529099999997, 2.5157731999999995, 2.5469934899999997, 2.5782137799999996, 2.60943407, 2.6406543599999996, 2.67187465, 2.7030949399999997, 2.7343152299999995, 2.76553552, 2.7967558099999996, 2.8279761, 2.8591963899999997, 2.8904166799999995, 2.9216369699999998, 2.9528572599999996, 2.98407755, 3.0152978399999997, 3.0465181299999995, 3.0777384199999998, 3.1089587099999996, 3.140179], "step_numbers": ["0"]}}}, "Datapoints": 239, "RuleParameters": "threshold:3\nmode:None\nn_outliers:10\nstddev:3"}